{"cameraMode":{"drawMode":0,"name":"Shaded","section":"Shading Mode"},"sceneLighting":true,"audioPlay":false,"sceneViewState":{"m_AlwaysRefresh":false,"showFog":true,"showSkybox":true,"showFlares":true,"showImageEffects":true,"showParticleSystems":true,"showVisualEffectGraphs":true,"m_FxEnabled":true},"in2DMode":false,"pivot":{"x":418.0614318847656,"y":420.9947204589844,"z":-395.2885437011719},"rotation":{"x":0.14033052325248719,"y":-0.05314519256353378,"z":0.007543504703789949,"w":0.9886478185653687},"size":0.8686255812644959,"orthographic":false}